摊位号,摊位名,演出方,联系方式,授权期限,授权可见,曲目表齐全,时码偏差(ms),状态,未解决异常数,异常类型,异常级别,异常定位,异常描述,需补截图提示,版本来源,版本ID,创建时间,更新时间
B001,主舞台-民谣之夜,鹿先森乐队,13800138001,2026-06-18 至 2026-06-20,是,是,0,已通过,0,,,,,,01.json,5f018a98,2026-06-21T18:22:11.806943,2026-06-21T18:22:11.807430
B002,电音区-BASS风暴,DJ KAKA,13800138002,,否,是,0,待复核,1,授权期限备注藏,严重异常,授权期限字段 / 备注字段,授权期限备注藏-授权期限藏在备注字段中，未在醒目位置展示,截图：摊位表备注栏，圈出含授权期限的备注单元格,01.json,88f3e712,2026-06-21T18:22:11.806953,2026-06-21T18:22:11.807669
B003,独立音乐人区-晨曦,陈绮贞工作室,13800138003,2026-06-16 至 2026-06-21,是,是,320,待复核,1,时码偏差,轻微异常,演出时间编排表,时码偏差-时码偏差 320ms（在允许范围但需留意）,截图：时间编排表中该摊位对应时间段,01.json,a4231f77,2026-06-21T18:22:11.806960,2026-06-21T18:22:11.807923
B004,嘻哈区-地下八英里,GAI 厂牌,13800138004,2026-06-17 至 2026-06-21,否,是,50,待复核,2,授权期限备注藏；时码偏差,严重异常；轻微异常,授权期限字段 / 备注字段；演出时间编排表,授权期限备注藏-授权期限藏在备注字段中，未在醒目位置展示；时码偏差-时码偏差 50ms（在允许范围但需留意）,截图：摊位表备注栏，圈出含授权期限的备注单元格；截图：时间编排表中该摊位对应时间段,03.json,a718a17b,2026-06-21T18:22:11.806967,2026-06-21T18:22:11.811085
B005,民谣弹唱区-旅途,赵雷团队,13800138005,2026-06-17 至 2026-06-21,是,是,600,待复核,1,时码偏差,致命异常,演出时间编排表,时码偏差-时码偏差 600ms（超过阈值 500ms）,截图：曲目时间轴与系统时间对比，标注偏差位置,01.json,4e405465,2026-06-21T18:22:11.806974,2026-06-21T18:22:11.808662
B007,民谣弹唱区-春风十里,好妹妹乐队,13800138007,2026-06-17 至 2026-06-20,是,是,80,待复核,1,时码偏差,轻微异常,演出时间编排表,时码偏差-时码偏差 80ms（在允许范围但需留意）,截图：时间编排表中该摊位对应时间段,02.csv,60110606,2026-06-21T18:22:11.807258,2026-06-21T18:22:11.809158
B008,朋克区-尖叫之夜,新裤子乐队,13800138008,详见备注栏：授权期限 2026-06-16 至 2026-06-21,否,是,0,待复核,1,授权期限备注藏,严重异常,授权期限字段 / 备注字段,授权期限备注藏-授权期限藏在备注字段中，未在醒目位置展示,截图：摊位表备注栏，圈出含授权期限的备注单元格,02.csv,60110606,2026-06-21T18:22:11.807266,2026-06-21T18:22:11.809697
B009,古风区-长安月下,银临工作室,13800138009,2026-06-17 至 2026-06-20,是,否,0,待补证据,1,曲目表不全,严重异常,曲目清单,曲目表不全-曲目表未凑齐，分批提交中,截图：当前已提交曲目页，标注缺失部分,02.csv,60110606,2026-06-21T18:22:11.807271,2026-06-21T18:22:11.810349
B006,爵士酒廊-午夜蓝调,Blue Note Trio,13800138006,2026-06-17 至 2026-06-20,是,是,120,待复核,1,时码偏差,轻微异常,演出时间编排表,时码偏差-时码偏差 120ms（在允许范围但需留意）,截图：时间编排表中该摊位对应时间段,03.json,996a38f5,2026-06-21T18:22:11.807355,2026-06-21T18:22:11.811818
