datetime,symbol,direction,volume,price,amount,fee,slippage,net_pnl
2024-01-01,000001.SZ,1,2705,9.56,25859.800000000003,7.76,7.76,1022.5
2024-01-01,600000.SH,1,880,7.95,6996.0,1.05,0.0,-1567.62
2024-01-01,000001.SZ,-1,2297,9.61,22074.17,28.7,6.62,-894.78
2024-01-02,600519.SH,-1,7645,1736.67,13276842.15,17259.89,3983.05,611.85
2024-01-03,000001.SZ,-1,2409,9.77,23535.93,30.6,7.06,1926.81
2024-01-03,000001.SZ,1,2771,9.98,27654.58,8.3,8.3,-1100.46
2024-01-04,600519.SH,-1,7098,1699.79,12065109.42,15684.64,3619.53,-2569.26
2024-01-04,000002.SZ,-1,3891,15.13,58870.83,76.53,17.66,-416.45
2024-01-04,600000.SH,1,8951,7.83,70086.33,21.03,21.03,286.4
2024-01-04,000001.SZ,-1,6629,9.77,64765.329999999994,84.19,19.43,-163.79
2024-01-05,600000.SH,1,1550,7.9,12245.0,3.67,3.67,1413.51
2024-01-05,000001.SZ,-1,649,9.46,6139.540000000001,7.98,1.84,888.7
2024-01-05,600519.SH,-1,1808,1650.01,2983218.08,3878.18,894.97,-497.76
2024-01-05,000001.SZ,-1,5278,9.67,51038.26,66.35,15.31,108.76
2024-01-08,000001.SZ,-1,5313,9.45,50207.85,65.27,15.06,-1184.78
2024-01-08,000001.SZ,1,1200,9.59,11508.0,3.45,3.45,76.87
2024-01-08,000001.SZ,1,9697,9.55,92606.35,27.78,27.78,105.66
2024-01-09,000001.SZ,-1,8054,9.43,75949.22,98.73,22.78,-1799.45
2024-01-10,600519.SH,1,3533,1787.15,6314000.95,947.1,0.0,1018.81
2024-01-10,000001.SZ,1,1770,9.69,17151.3,5.15,5.15,869.36
2024-01-11,600519.SH,1,7745,1720.74,13327131.3,3998.14,3998.14,2211.11
2024-01-11,000001.SZ,1,4428,9.38,41534.64000000001,12.46,12.46,-243.3
2024-01-11,600519.SH,1,1003,1718.07,1723224.21,516.97,516.97,-1383.97
2024-01-12,000001.SZ,-1,9914,9.19,91109.65999999999,118.44,27.33,588.56
2024-01-12,000001.SZ,1,4932,9.4,46360.8,13.91,13.91,-511.92
2024-01-15,000001.SZ,-1,3449,9.29,32041.209999999995,41.65,9.61,-894.4
2024-01-15,000002.SZ,1,1018,13.9,14150.2,4.25,4.25,1485.61
2024-01-16,600519.SH,1,9147,1583.18,14481347.46,4344.4,4344.4,-870.5
2024-01-17,000001.SZ,1,2705,9.29,25129.449999999997,7.54,7.54,846.4
2024-01-18,000001.SZ,1,2244,9.27,20801.879999999997,6.24,6.24,523.26
2024-01-18,000001.SZ,-1,8516,9.29,79113.64,102.85,23.73,-182.73
2024-01-18,000001.SZ,1,5350,9.46,50611.00000000001,15.18,15.18,236.96
2024-01-22,000001.SZ,-1,8996,9.14,82223.44,53.45,0.0,-1254.78
2024-01-22,000001.SZ,-1,4407,9.15,40324.05,52.42,12.1,472.75
2024-01-22,600519.SH,1,6580,1686.86,11099538.799999999,3329.86,3329.86,1141.02
2024-01-23,600000.SH,1,9003,6.58,59239.74,17.77,17.77,144.04
2024-01-24,000001.SZ,-1,3851,8.77,33773.27,43.91,10.13,93.15
2024-01-24,600000.SH,-1,1700,6.46,10982.0,14.28,3.29,288.41
2024-01-25,000002.SZ,-1,1337,14.64,19573.68,25.45,5.87,-1200.73
2024-01-25,600000.SH,-1,7393,6.62,48941.66,63.62,14.68,1689.23
2024-01-25,000001.SZ,1,9869,8.92,88031.48,26.41,26.41,1011.31
2024-01-26,000002.SZ,-1,1757,14.8,26003.600000000002,33.8,7.8,2554.62
2024-01-26,000001.SZ,1,4530,8.94,40498.2,12.15,12.15,414.52
2024-01-26,600000.SH,1,8927,6.34,56597.18,8.49,0.0,451.93
2024-01-26,000001.SZ,1,5468,8.85,48391.799999999996,14.52,14.52,847.52
2024-01-26,000001.SZ,-1,9145,8.77,80201.65,104.26,24.06,676.87
2024-01-29,600519.SH,-1,5771,1682.41,9709188.110000001,12621.94,2912.76,814.53
2024-01-29,000002.SZ,-1,9806,14.76,144736.56,188.16,43.42,-821.39
2024-01-29,600000.SH,1,102,6.44,656.88,0.1,0.0,295.64
2024-01-29,000001.SZ,1,1913,8.87,16968.309999999998,2.55,0.0,375.83
2024-01-29,000002.SZ,-1,235,15.1,3548.5,4.61,1.06,-1312.63
2024-01-29,600519.SH,1,7773,1657.99,12887556.27,3866.27,3866.27,440.99
2024-01-30,000002.SZ,-1,4239,15.08,63924.12,83.1,19.18,-442.07
2024-01-30,600519.SH,1,3439,1644.26,5654610.14,848.19,0.0,1476.15
2024-01-30,000001.SZ,-1,4406,8.91,39257.46,51.03,11.78,1264.97
2024-01-30,000002.SZ,-1,4867,14.79,71982.93,93.58,21.59,-863.17
2024-01-31,000001.SZ,-1,3437,8.93,30692.41,39.9,9.21,-1027.65
2024-01-31,000001.SZ,1,5011,8.8,44096.8,13.23,13.23,-935.97
2024-02-01,600000.SH,1,3448,6.54,22549.920000000002,6.76,6.76,882.68
2024-02-01,600000.SH,1,5815,6.62,38495.3,11.55,11.55,420.21
2024-02-02,600519.SH,1,7256,1709.82,12406453.92,3721.94,3721.94,580.1
2024-02-02,000002.SZ,1,4046,15.96,64574.16,9.69,0.0,776.7
2024-02-05,600519.SH,1,7179,1728.72,12410480.88,3723.14,3723.14,-1525.98
2024-02-06,000002.SZ,1,6781,15.82,107275.42,32.18,32.18,732.45
2024-02-06,600000.SH,1,347,7.06,2449.8199999999997,0.73,0.73,163.3
2024-02-07,600000.SH,1,2171,7.05,15305.55,4.59,4.59,-402.7
2024-02-07,000001.SZ,-1,7518,9.11,68488.98,89.04,20.55,-425.35
2024-02-13,600519.SH,1,313,1874.46,586705.98,176.01,176.01,-1112.81
2024-02-13,600519.SH,1,6816,1922.18,13101578.88,3930.47,3930.47,-188.02
2024-02-13,000002.SZ,-1,8266,14.67,121262.22,157.64,36.38,-738.04
2024-02-13,600519.SH,-1,3635,1855.23,6743761.05,8766.89,2023.13,129.36
2024-02-13,600519.SH,-1,1891,1906.86,3605872.26,4687.63,1081.76,1003.54
2024-02-13,600519.SH,1,7829,1873.28,14665909.12,4399.77,4399.77,1748.41
2024-02-14,600000.SH,-1,8745,7.38,64538.1,83.9,19.36,2034.25
2024-02-14,600000.SH,-1,2069,7.21,14917.49,19.39,4.48,-54.53
2024-02-15,600000.SH,1,2941,7.37,21675.170000000002,6.5,6.5,-832.48
2024-02-15,600000.SH,1,1917,7.38,14147.46,4.24,4.24,-1314.1
2024-02-15,600000.SH,-1,7928,7.31,57953.68,75.34,17.39,-125.97
2024-02-16,000001.SZ,-1,2105,9.4,19787.0,25.72,5.94,166.54
2024-02-16,600519.SH,-1,5389,1895.92,10217112.88,13282.25,3065.13,-1699.97
2024-02-19,000002.SZ,-1,2704,14.39,38910.560000000005,50.58,11.67,795.62
2024-02-21,600000.SH,1,3427,7.69,26353.63,7.91,7.91,-1105.96
2024-02-21,600000.SH,-1,7157,7.59,54321.63,70.62,16.3,-435.63
2024-02-22,600000.SH,-1,7230,7.5,54225.0,70.49,16.27,614.15
2024-02-22,600000.SH,-1,4626,7.47,34556.22,44.92,10.37,754.52
2024-02-22,000001.SZ,1,5871,9.51,55833.21,16.75,16.75,1105.58
2024-02-23,000001.SZ,-1,4949,9.73,48153.770000000004,62.6,14.45,589.8
2024-02-26,600000.SH,1,6549,7.4,48462.600000000006,14.54,14.54,440.36
2024-02-27,600000.SH,-1,5928,7.7,45645.6,59.34,13.69,1616.45
2024-02-27,000001.SZ,-1,6843,9.94,68019.42,88.43,20.41,-825.14
2024-02-27,000001.SZ,-1,7841,9.96,78096.36,101.53,23.43,-421.47
2024-02-27,600000.SH,1,8097,7.67,62103.99,18.63,18.63,6.98
2024-02-28,600519.SH,1,2020,1872.78,3783015.6,1134.9,1134.9,95.6
2024-02-29,000001.SZ,1,1344,9.44,12687.359999999999,3.81,3.81,-389.66
2024-02-29,000001.SZ,-1,5670,9.38,53184.600000000006,34.57,0.0,329.5
2024-02-29,600000.SH,1,3499,7.6,26592.399999999998,7.98,7.98,-283.81
2024-02-29,600519.SH,-1,3889,1921.7,7473491.3,9715.54,2242.05,428.01
2024-02-29,600000.SH,-1,219,7.61,1666.5900000000001,2.17,0.5,605.37
2024-02-29,000001.SZ,-1,7356,9.3,68410.8,88.93,20.52,-1154.79
2024-02-29,000001.SZ,-1,9302,9.44,87810.87999999999,114.15,26.34,-732.83
