customer_id,age,income,spending_score,purchase_frequency,tenure
C0001,32.483570765056164,68967.92982653948,89.7511973341775,29.547083202350652,4.047090574820964
C0002,29.308678494144075,47546.11883997129,78.52942618497862,13.007162130904295,15.274520555767385
C0003,33.23844269050346,42462.6383564251,71.74502803207488,22.814846183452854,15.738255577492886
C0004,37.61514928204013,41104.85570374477,76.78614158347007,16.746787154390866,5.779829302775552
C0005,28.829233126383322,41841.89715034562,84.12931454275625,17.56437308117652,10.971937217758953
C0006,28.8293152152541,49228.98290585896,74.36275447196026,17.038030378805654,10.885677402012625
C0007,37.896064077536955,53411.519748166436,71.77779604433569,15.68004615160092,7.7774649158465365
C0008,33.837173645764544,52766.90799330019,82.43687211491913,20.242608139724133,9.666549937227375
C0009,27.65262807032524,58271.83249036024,82.44966571108722,15.84524941794481,8.668272463602513
C0010,32.712800217929825,50130.01891877907,74.9305682462887,21.352284128899193,17.256811330270867
C0011,27.682911535937688,64535.34077157317,75.28961694381677,19.748809452754315,14.807035179442384
C0012,27.671351232148716,47353.43166762044,82.32049937357637,18.80525976566795,15.814665284982476
C0013,31.20981135783017,77201.69166589619,65.51915658502676,15.462181689792011,14.165016192129706
C0014,20.43359877671101,56256.67347765006,65.92536225623445,17.116143347158335,8.612844686348312
C0015,21.375410837434835,41428.42443583717,72.81555778747564,23.77695612912878,10.42643920116068
C0016,27.188562353795135,39291.075019388874,77.86552848288153,22.504585938121902,13.468123683683753
C0017,24.93584439832788,54824.72415243185,83.10907565598005,15.112223776007244,8.333616573324164
C0018,31.571236662976368,47765.372146741494,94.75356216949552,20.49666152714613,14.138995290517164
C0019,25.459879622393945,57140.00494092092,88.5765962320202,23.756935616858947,11.279023805525595
C0020,22.938481493323543,54732.376245735446,78.40061470036574,11.652973594393142,10.875537577351208
C0021,37.32824384460777,49271.71087343127,79.80983792097311,22.716800961899676,14.132879904610474
C0022,28.871118497567323,41532.06281931595,69.97470635362191,16.686881205270765,13.33278993445812
C0023,30.33764102343962,34851.52775314135,79.8148686400761,22.852993342965796,10.91710150254276
C0024,22.87625906893272,45534.85047932979,77.11341361079862,16.183704217287417,15.477989410092745
C0025,27.278086377374088,58563.98794323472,83.22718560338089,10.975589496677404,8.756810017200308
C0026,30.55461294854933,52140.93744130204,71.72769056447677,11.862287810584187,13.84780682083279
C0027,24.245032112888488,37542.61221288012,85.19346514241172,20.24042473330691,13.779303773905152
C0028,31.87849009172836,51731.80925851182,95.32738913002578,21.29861250860741,11.07136068205803
C0029,26.996806550405974,53853.17379728837,78.91239851543142,15.478416874477958,12.978399066726354
C0030,28.541531251033618,41161.42563798867,84.01711722098942,23.19296229388687,8.246659270844091
C0031,26.991466938853016,51537.25105945528,86.90143991711112,11.6923996886552,14.772081057620703
C0032,39.26139092254469,50582.08718446,75.98779528114164,19.66960100676342,11.445293590671033
C0033,29.93251387631033,38570.29702169377,82.24092481810416,13.944919001187717,10.431830938442882
C0034,24.711445355220498,53577.87360348283,80.12592400781794,16.740819460989204,15.147027677510668
C0035,34.11272456051594,55607.84526368234,80.97676098548831,20.23699335658207,9.886968928371722
C0036,23.895781750144888,60830.512431752766,72.26990216144533,15.697933173580239,7.774616110909321
C0037,31.044317975023777,60538.02052034903,80.24510174258943,18.077222278850872,7.330112479428289
C0038,20.201649380601122,36223.30632042909,84.9799829124545,25.0314640460722,13.818029854036919
C0039,23.359069755507846,40621.74960084877,94.51143607795042,17.115540652384254,8.15871194251115
C0040,30.984306179345616,55150.3526720866,89.59270826085206,24.17846056032571,17.264382545953094
C0041,33.69233289997705,55137.859509122085,101.53182457511556,14.35146572671191,5.754211776348834
C0042,30.85684140594985,55150.47686306048,72.3265243711195,22.649020889576413,17.089369104870116
C0043,29.421758588058797,88527.31490654721,88.72320636720679,27.207843103289502,12.633052401607856
C0044,28.494481522053555,55708.90510693167,81.83342005738352,7.6417774993635526,11.709860664388822
C0045,22.607390048162863,61355.65640180599,101.89802933217672,16.015523722647615,10.365242739573151
C0046,26.400778958026457,59540.017634932025,71.91701714644849,22.8853606359027,13.197408343056212
C0047,27.696806145201062,56513.91251305798,71.60278157819224,18.984773069785035,11.887095892725455
C0048,35.285611131094576,46847.30755359655,74.00607354555977,21.855729366856544,15.309905646049565
C0049,31.71809144784231,57589.692204932675,58.76104275690193,16.980074066420897,12.34268294598612
C0050,21.18479922318633,42271.74785462428,74.74244978319238,20.4329489373645,12.450905284385632
C0051,31.620419846973974,47631.813932599915,72.40867338446301,19.221613823039604,10.909163363358433
C0052,28.074588597918417,45146.364521708965,81.50393786476208,25.838910308299035,11.829163128836798
C0053,26.615389998470206,50818.74139386322,83.4175597577716,21.272104216506065,12.923405306676177
C0054,33.058381444204336,73146.58566673509,98.76170839215887,21.68801331037601,6.8694948220301235
C0055,35.154997612479754,31327.348074082518,89.5042383818605,17.940615169387662,7.955443733682861
C0056,34.65640059558099,56862.60190374513,74.23096344337597,17.561968879637533,14.229792282068145
C0057,25.803912383886807,33872.84128810348,71.01585328651642,17.837209060901895,12.512596314383826
C0058,28.453938120743928,45280.681342105665,84.91919171506505,21.972260711891483,11.448049990941962
C0059,31.65631715701782,60889.50596967366,66.79766792979358,17.895077595898684,12.05530179919618
C0060,34.877725635611796,50642.80019095463,98.31458765854353,21.448874284482066,13.042745116085014
C0061,27.60412881077355,39222.55222070694,91.79440120721287,30.377003993227195,10.380720959071915
C0062,29.071705116680914,42846.96290740032,75.30824347895295,24.355623517158463,9.665085823793062
C0063,24.46832512996986,56795.977489346755,62.868654709091224,18.369882339160796,12.587535765293044
C0064,24.018966879596647,42696.333682828634,93.53872374165412,26.006069610819722,9.064881667154904
C0065,34.06262911197099,52164.58589581975,78.85460154747382,17.959623134892244,13.224758267143415
C0066,36.78120014285412,50455.71839903814,92.37816311973462,9.80937732411073,6.892249187286479
C0067,29.63994939209833,43483.99652394183,64.05572341205632,14.95956844541298,15.08746691197693
C0068,35.01766448946012,71439.44089325325,74.00624977046228,10.646040394870722,13.41779244723913
C0069,31.80818012523817,56339.190223180114,80.05243699718183,18.24243257979346,12.768089202941628
C0070,26.77440122697438,29748.57413342393,80.46980593764742,20.092091895947757,14.948072951836542
C0071,31.80697802754207,51864.543147694276,75.49934528520757,28.382186561376415,16.99642333338773
C0072,37.690182832329846,43382.13535231612,86.22849932347499,21.634636868820813,15.04311019505439
C0073,29.820869804450243,58524.33334796224,69.32379570617405,18.90449735595568,6.477377306005064
C0074,37.82321827907003,42074.792615672995,78.57620514978707,24.147027905917447,8.161269099792896
C0075,16.901274479551276,48852.63558533101,81.20295631711899,8.944323454960575,10.125544266912964
C0076,34.10951252187612,55049.87278980457,85.14438834058748,21.178072790542828,12.078273150632501
C0077,30.435235341190857,58657.55194170121,87.11614878088889,23.854325969434832,13.552977061407368
C0078,28.504963247670663,37997.03592944224,68.75357908162131,12.607068771100792,9.822768560539604
C0079,30.45880388267751,46654.98764159052,64.65885829264377,25.718770216034645,12.560300293431235
C0080,20.062155426995538,45250.54688839044,92.7767682189851,21.69248203747207,9.733851202940032
C0081,28.90164056081244,43466.707674262885,83.32314011979592,17.923560430495993,10.165446591024155
C0082,31.78556285755873,67654.54240281097,72.51513463443446,23.163909330531425,7.780016709455333
C0083,37.38947022370758,54049.817109609554,95.51151975522524,31.35346428902198,9.230300261667287
C0084,27.40864890863176,37391.16045664955,81.15674634292859,20.909331275292477,7.944946183150999
C0085,25.95753198553406,59178.61947054776,91.79297184063826,21.24110293150168,9.072380241068002
C0086,27.491214782077318,71221.56197012633,80.67518481410109,17.70319550229878,15.160925389823518
C0087,34.57701058851037,60324.65260551147,100.60747924881987,15.750778152676041,9.151803333504171
C0088,31.643755548298422,34806.300340459864,97.55340842443204,24.151679082721227,19.897146194512175
C0089,27.351198981164806,45157.659271337485,77.51035851520926,15.719580870455664,13.479953702642668
C0090,32.56633716556678,62669.11149186623,89.71570950954356,20.357831186096963,12.554508371084621
C0091,30.4853877467402,42923.30534381219,86.45375949585147,17.611712766174417,9.424926659456359
C0092,34.84322495266444,54438.19428146228,93.68631557532349,22.39489912873196,14.100929638226974
C0093,26.489734530613237,57746.34053429337,70.35076539419896,21.66831052643474,10.273086521286679
C0094,28.361689267011158,40730.69528421917,86.8605145999844,25.187699721289498,12.366029443936084
C0095,28.039459234339212,49404.746439382,90.58424486849587,17.449918005726264,19.680253614806382
C0096,22.682425259339407,17587.326599309275,62.41260513576886,18.650625323533145,11.71182030082605
C0097,31.48060138532288,39756.1235866571,68.16741487334225,15.106181421088463,15.447819978857027
C0098,31.305276360899448,47474.3184860684,59.607678222398995,17.77853369961944,9.890470724622338
C0099,30.025567283212304,37522.16818035151,77.30593165555442,21.88650246522426,11.895034528509115
C0100,28.827064333124266,66324.11303931635,87.17542255795962,23.78494308322676,17.31240190690653
C0101,22.92314628974793,35698.58622039367,95.02357052096028,15.389173379111874,10.119098826636698
C0102,27.896773386173205,45599.55513303016,80.74094780419775,24.3480296005283,17.437345673990787
C0103,28.286427417366152,51307.40577286091,96.28615545571292,26.778189294024756,14.123255806366426
C0104,25.988613653891903,64412.73289066115,66.19898541785109,22.067174516118506,10.312599672317198
C0105,29.193571441669953,35641.378488205606,62.96617560644845,29.38397906279033,13.897223217166562
C0106,32.02025428407269,61631.637521549594,79.44452301103381,16.131054004482134,14.91766334888019
C0107,39.43092950605265,50102.33061019587,83.84065448939307,13.776726483442914,13.86542988665159
C0108,30.872889064159196,40184.91348952049,79.67305251905907,11.106398755478606,7.2893258403286305
C0109,31.28775195361382,54621.034742632706,59.325578999601234,27.480221557445915,9.818588472525395
C0110,29.627770421169163,51990.5969557347,79.10879960487212,23.27182828177029,11.257444093345486
C0111,20.406143923504793,43997.831228412055,66.95530499495146,19.722076645447725,11.77669971269986
C0112,29.867430622753915,50698.02084990019,86.69672548830039,21.399843131599102,13.862016292652033
C0113,30.301151049705133,46146.8640313824,83.66598246096848,14.372554763508116,12.533103002799761
C0114,42.316210562426434,51135.17345251248,70.60120213672644,32.228759898084135,7.993966923869696
C0115,29.038195176094387,56621.306745210466,74.86133082663306,20.646105909876137,13.14059355301789
C0116,31.507736711668063,65860.16816145352,69.40786478111049,20.546973973024464,13.83175723585147
C0117,29.826441151473784,37621.84501173151,79.37320902726829,23.62883311949346,13.67937134379312
C0118,24.15660981190234,71330.33374656267,89.55142320501238,22.405046158683568,15.242342176663865
C0119,35.7141140725751,30479.12200477498,70.14273953664457,21.119420121395656,14.501766463646712
C0120,33.75966516343387,48482.14904964417,85.04046515517844,16.04762772277344,13.37754023768531
C0121,33.95515973521523,55883.17206484576,74.69742381627559,22.357341785679978,11.789502865624058
C0122,25.453062726026303,52809.918677350324,72.07127167737656,29.41012248237517,7.017117199452025
C0123,37.013971554680495,43773.004801794064,78.92969640045442,26.727100230774887,13.288854657397758
C0124,22.990744686038596,47918.77749642725,69.64757677580626,27.965933133196984,12.623063061489333
C0125,32.93428546900135,45069.990653411674,74.46350694652818,17.443921617844076,12.814736511586121
C0126,40.952278129049894,44106.35243055788,68.02122107411151,15.051975898707095,8.169754272539071
C0127,25.04731837434656,58496.020970210244,99.6472513291639,19.37106539950176,8.756830378775213
C0128,27.16851135198614,53570.15485965047,80.35263551971728,20.278624561443472,15.159458559998711
C0129,30.498256825438204,43070.90404739346,73.00274492007415,25.470957592354743,11.881334538430036
C0130,27.482621729419005,58995.99875433251,82.13979910734221,11.537676851425903,14.044502092117874
C0131,22.246682844669337,53072.99520876609,78.8767195030917,27.64775159730307,12.084955128391384
C0132,30.342814874030136,58128.6211883896,77.79030400466777,19.209960507105052,12.089268418487235
C0133,24.688481431369475,56296.28841923612,86.14166700043425,17.8655946502629,14.814851417927994
C0134,32.36796215317591,41710.04989077928,87.57507710047305,14.939478123699162,10.451865815347878
C0135,25.402878828830985,44398.1895980303,74.69498852389472,11.725716640671154,12.28836233082295
C0136,37.7496720250877,57472.93605123262,74.2418175935532,24.115852919809573,10.613174133884872
C0137,26.083733538318814,56103.70265433465,77.24948302848355,20.36658983594202,10.696511317703052
C0138,28.38969241897162,49790.98406035852,56.980788352644154,13.55019550129473,11.072483629594082
C0139,34.06758608684835,51173.27383308782,64.84808937801448,13.52460613968192,12.666401314901139
C0140,23.845678417830225,62776.648957884245,93.66874267444524,18.32107650354936,10.563754135009567
C0141,31.137299673020646,44084.286111641704,96.44967713501283,28.345107626446964,15.767268376720562
C0142,36.53571377141214,55470.97381170038,77.50963960443622,18.702043243181976,9.316178093341488
C0143,21.96258382719386,47978.07347566106,85.76556963055766,12.48428523440947,11.439385067515923
C0144,30.92316929266152,47823.1879677278,83.11250154543536,18.77128467957028,10.680806825177475
C0145,31.299413971242117,60987.7685198719,110.78880808455239,18.636382151261646,16.3409336530612
C0146,33.909114358886555,58254.1634898803,91.19574911434577,6.515566785292142,12.589664329534724
C0147,23.81524644560959,58135.096360006384,78.72082408519233,19.72852566741094,15.095533618405906
C0148,23.397716934578618,63054.78807154329,70.44459559399574,18.84532734895661,7.543318880889084
C0149,32.60970782808449,50210.03841632759,63.93553679742428,23.48103182406709,12.801150797607777
C0150,31.48492336616593,56819.52971294964,82.03463635867223,29.244780474726724,14.668892386870311
C0151,31.252464251729382,46897.332434065436,72.43649254715697,25.632825147738785,12.246851967826272
C0152,31.732241047484877,53241.66352488442,65.77746290402325,18.655556547225846,15.196441125196053
C0153,26.599876392107547,48698.56945632315,73.53427115757474,14.467370456291649,10.448134649698883
C0154,31.161268485805017,50969.95964992718,69.18451996385605,32.8667990162493,16.22804232055674
C0155,31.465362366493405,55951.57025436914,96.87141635072564,20.29609217007244,18.89669437085775
C0156,26.42824290986816,41817.79316766527,88.81639756949451,20.06964645956473,10.911484318681023
C0157,39.328872555723784,70923.8727568546,79.92027358683383,19.879374564449982,10.663492435797684
C0158,32.36916460455894,39939.82618500298,94.79944138890026,20.990423803839274,16.360153431353105
C0159,24.043482513986756,37858.113872122674,80.77368307647619,19.278197940380288,16.73871643719214
C0160,33.28276804316915,61581.10873500068,71.38715798671737,17.131689965598817,10.431419918540195
C0161,25.126591648863393,57916.62693962936,95.23124077269657,17.26570529379804,10.73943954871243
C0162,33.93542301871226,56241.19817052155,85.38910043684659,19.836233648920008,11.154646173418477
C0163,35.79297789503702,56283.4550926428,69.62753845673544,17.282876144331176,7.966648466897169
C0164,25.89658840824145,49877.53227153085,78.09661321916391,16.435771086614178,9.244044160547405
C0165,34.816880646221605,41027.456285141685,71.24381746615242,20.532151138459483,8.987577699743795
C0166,32.063904634682494,50758.045581937266,66.17200269035663,18.725113912895722,9.696607304687614
C0167,34.11030079997245,43228.38288487888,89.26177547531641,27.519964942913443,11.895945337839656
C0168,51.87371786029217,121192.60739840349,52.80123338170462,3.7731946729181205,59.959506511068575
C0169,62.40400394251262,107061.26444588852,51.38392884680148,4.395060627023743,57.95778452970086
C0170,42.01316767408967,133964.4662722718,44.21787135954064,4.223646362917543,54.5612634080727
C0171,57.87457918781267,127869.70770843499,41.56301655927814,5.340832444750975,68.35664936948058
C0172,48.28808924619593,137903.86440055465,39.06110308150716,5.3211479620997295,71.46366250284613
C0173,49.604290322780535,132703.4360336394,28.690531166999854,5.006092040306829,61.06088263550217
C0174,55.39855593733283,140991.0543063867,35.78987384699839,5.8738763394927,77.73036097266314
C0175,41.018223827501615,109295.29576878864,14.605647787069216,7.381292549572683,46.29973063039794
C0176,53.059277969472404,146347.8813126865,38.52490559807875,6.899108270882648,57.676086488643385
C0177,51.33161766570445,123951.99209384799,25.171133392736238,2.030204063100193,51.39813215276634
C0178,53.939610112065196,161505.2174525053,23.446160241763437,-0.10784226980390965,37.60156059512328
C0179,52.31334915126254,106216.24363820865,42.698412267302174,6.868639822478547,59.00783176988761
C0180,69.64240111928716,154719.27606330498,60.88003429516899,2.266242603169158,58.539029899400596
C0181,44.89808012598947,123958.21566925295,53.774749090034696,4.550469196214633,78.16139691890558
C0182,45.752024359985455,106971.63992771103,16.442490945652345,2.659773947881281,67.56974021465733
C0183,45.014875788601884,110322.28331891357,25.155577951444936,1.3960391248399606,47.70975810804954
C0184,45.55618304671796,113593.0538361136,54.111567819823236,6.082925456409576,82.24911079601026
C0185,44.90090298154786,128483.31892803832,25.262689096925357,6.518310320605294,74.65240434630424
C0186,59.51213224886041,130456.70976070999,36.63050275004463,3.846979198546561,66.98517244162339
C0187,61.36403398391884,108525.99992122842,48.25078148536828,-0.18208458428981977,57.28219081380202
C0188,45.43402965000419,119512.90815478034,25.47483317704547,3.9075111034950343,48.486729159318244
C0189,43.34115541516617,162845.4071722373,41.580632592189396,5.783608010805093,55.533518687147364
C0190,53.77132445109123,154550.86340201422,19.989617576226934,2.0421768624517425,73.06498343645023
C0191,45.58221564575223,128726.47339348064,30.979485340731795,5.3667198395583116,82.61503567121531
C0192,55.063454542044084,120760.069563364,44.79672901213806,4.969380301654009,78.51892233926627
C0193,51.623384166810396,122400.62653436522,16.105093997024962,6.158582999202177,54.13380693856471
C0194,37.874047080022144,132270.35945460835,46.607121069405984,5.239160736828307,46.56459080053187
C0195,62.38004161064049,99544.14869603189,39.70543301609978,3.0538621182368892,61.690634962934446
C0196,64.36702138476417,114852.4692515331,48.28734931625722,7.393143003328983,38.77872761324578
C0197,45.09769047612491,86628.31852244821,43.358712010969924,4.68294085394606,63.87801257021738
C0198,46.898387520512124,127984.46245210558,60.46210644960766,4.945390920980136,58.22876896441598
C0199,52.28692312579924,132943.91879405483,41.87836753971861,3.133464081853608,54.407561977581096
C0200,52.675654319896196,110336.27075401251,33.558916883121206,4.11343549761698,40.86356319279845
C0201,55.26835418138264,151479.73526580067,41.83446254548426,3.2303945719461984,66.1632012788366
C0202,66.08163631013079,95484.68673995318,48.14947043554582,4.654107880153154,53.607589924057066
C0203,48.5844221800476,90712.5023958036,40.732901054885566,8.423416960284687,45.960997971476544
C0204,43.613622043692374,124489.03637119944,40.608875368058236,2.2561977141372873,25.532853440620208
C0205,38.965446175883784,140941.96605224308,29.47012468289867,1.7728772042465177,59.66982113939236
C0206,44.15255968046465,153678.55382915738,30.05648623673578,7.942340654987217,81.26701916003694
C0207,49.734984217009625,110822.3147426212,18.960920923004597,4.581352645696268,79.93511057457444
C0208,64.3564629081423,141573.6166686259,66.24365114780409,3.6618545226801666,54.514844920964734
C0209,45.85910960771063,119229.83060998586,21.342051469130723,7.079809374792153,52.773455275658634
C0210,51.790303613111185,116547.4540011836,29.606422033061392,3.788768920526272,65.62529107290028
C0211,49.86861683141798,137673.19874973345,29.22389101646204,8.652019427093872,48.019374729740505
C0212,59.507146187584674,133046.45756826838,53.42386565416662,6.355851742678539,63.62150279783359
C0213,70.21545940698897,88472.15686031501,35.57575482561958,4.024177183708595,69.19296334061629
C0214,45.753049816637436,149530.80699451792,58.716131090106,9.314616426531007,74.7231986866117
C0215,46.084484459854224,147601.82708294902,29.897640636341972,3.788570153993323,58.798151082240565
C0216,58.35328701655258,107488.74596980942,44.18491243335703,6.484190744018614,57.55591499787641
C0217,55.45513191701049,127916.07066874819,27.46979420110364,5.598585160812984,49.46420895892127
C0218,64.77365860588827,129880.60372565477,72.17723691660083,7.603482578797596,50.077435751521676
C0219,54.67142548260771,125213.47531647814,22.186023714557308,8.123022393453706,57.28225329718168
C0220,47.12566327370352,108993.8969230916,44.64731065340541,5.064008298131533,64.40838608179413
C0221,54.725238645538475,106567.53264123897,49.50665321398148,3.4931642593076333,70.963015514799
C0222,58.869628644663266,119488.9185801711,46.20698646177247,5.919944285878233,50.36185259183586
C0223,56.56385744957891,143454.5803851873,37.220685116834375,3.6445692604957878,77.91226282751427
C0224,54.05819224885838,130872.00309188865,38.05268950399861,9.026774495053246,56.74651678748918
C0225,58.53339751671323,112587.71335827788,40.657172079686646,5.273070662165475,59.743592467818765
C0226,59.35436472356538,135433.9742129669,37.79496997557267,4.269356897375783,51.03345985022612
C0227,61.05727192830022,63029.14758739849,54.45818675192365,5.3693606117298165,30.909116876724703
C0228,55.18967910071714,142975.31400744207,73.15784502387027,2.305747420940607,70.60854475633259
C0229,48.66305535746517,85205.724424438,31.637623224882496,3.056771922978697,68.8421267651092
C0230,51.17370949146658,112751.18117193735,19.452955306313832,7.400827815888851,56.62406931458144
C0231,59.65207173206686,97606.60210747713,38.67576927473118,3.6862114420572087,60.803888606698465
C0232,43.46451463210211,94106.37048558188,78.69564006481477,2.906178034636121,66.19127061244919
C0233,52.94938647098321,143216.5357475704,27.944881480454036,6.073305505054572,41.249449717361486
C0234,46.85328950138111,110645.97597376218,64.58675208166102,7.371408309325994,53.651367871844464
C0235,50.22995858347854,126930.07763461431,65.1655122111466,6.437906621330134,69.53117615546192
C0236,60.22761490085839,119061.58842241632,31.69617637438008,6.992095371611633,44.948526921969005
C0237,51.528792544159224,129540.81654446243,48.534746187779135,3.4864098228610785,63.52269518599955
C0238,50.37149238524919,121536.43782120511,64.42594934692806,2.1563786665163125,43.72101834451914
C0239,39.12115087216065,94340.15551622861,34.313083885187694,8.002667303910973,65.59715978920232
C0240,55.97002852821777,139925.3363889428,36.946294598464576,4.354640322315729,59.572302212430195
C0241,55.1638734491286,110124.86833677375,31.274786290770344,4.498333967089906,40.618418209133885
C0242,67.30603778644368,88868.36202680497,24.778649039606996,7.656388283698115,73.97687225348605
C0243,47.53777412037599,111437.69678068176,30.260836824009893,6.11246001880132,51.18490107842341
C0244,51.75320262131151,150015.19581268623,21.64089599856615,5.911775544163215,50.27697075582743
C0245,51.995069469686044,137004.43484226987,40.51125202388839,9.330004689802168,62.40683036677132
C0246,62.6196262381078,113026.95731184282,28.450401534120374,3.712963539239714,73.78364819314459
C0247,49.23763574090438,113014.84591363142,43.50678867686121,6.855680256162474,47.81013817225924
C0248,52.232172206162716,113567.29897565235,16.66156530694559,5.114026249794169,60.740158198175656
C0249,54.863172077732315,161534.9596712168,44.96320348321686,5.537184557726514,65.14579800396687
C0250,51.49287298525086,127638.70904463106,52.50293442413387,8.056936852825064,68.31726728715773
C0251,46.42853108359577,128600.8329438214,10.093965361428168,6.015671512579248,62.1172986633267
C0252,51.55271994318646,140605.66908063684,45.61084854771358,6.076592158099266,55.595665931000134
C0253,58.58905399887818,124775.78318053027,58.41503488709938,7.145014674619604,50.068917352215365
C0254,41.78787760471152,114819.15708358593,21.855384719631918,4.270094540914229,61.0337265965565
C0255,51.06375739317501,116073.00301830043,65.08858580256555,3.3215806653219873,47.13433185617272
C0256,44.399033480486615,118567.97481171873,46.28528514049068,2.910381611957933,24.943794198064708
C0257,59.56037303139874,119255.55526980317,29.424822163623865,1.0672868212479965,65.23871764989201
C0258,37.8145047617298,134552.5908727396,39.16346383513441,9.112414259880644,70.84721809303434
C0259,45.52862522182729,121038.917716146,48.374903687825835,2.7935832685566337,31.644810773497937
C0260,53.01769500051617,134652.80154431157,41.14008087118617,4.557492752828456,47.88323154348075
C0261,62.52419223387472,118385.66839782835,48.08133988669554,4.446373400222159,67.42985113206237
C0262,49.4739979114161,121572.7038063218,26.189896103809506,5.614813395618201,84.68994563654039
C0263,45.55840378645441,80035.98630935785,42.54041236054117,6.6314744250785935,60.2495244921049
C0264,65.04925655552472,138326.55349404964,18.794282546425297,6.720946976719491,51.26396470525039
C0265,38.415888796670046,126929.76951795985,38.33160907976949,3.8338451228621233,57.80524270674192
C0266,32.409552347039345,139960.20219719305,26.44138537802815,4.665756572427177,76.49851702977821
C0267,53.52011560042666,62074.89243612622,28.967050861153503,5.5651599009765995,52.24842985050557
C0268,45.98356620517911,161767.49409561456,58.54139762815656,4.502617747632906,50.40969592019695
C0269,41.8301374629543,117208.20743689653,56.369651808914035,8.214691152039986,54.20707773381561
C0270,55.66685157839483,142163.65633475033,49.137071813607655,5.981949903276503,48.56005670089545
C0271,51.95040571016959,99201.88145748939,23.615308529911314,6.4697555720996345,61.472043791937544
C0272,45.487370954106176,132255.47810125138,35.25387325457797,6.325762537334826,79.49614150163472
C0273,39.75756481063284,98931.68873652688,58.19646549968775,7.34694771497065,63.87695127739235
C0274,56.97965862624116,107524.62078608389,42.12575370459857,5.3620431174074135,56.97175797448455
C0275,55.20160942366929,158280.62707733572,74.7899430997254,2.406336104088307,56.498264773013474
C0276,49.20659308976494,116186.35198473308,45.89976759091558,5.799375903505283,41.24171029564012
C0277,64.77309596838133,124348.65746359446,42.880736747350475,3.697286212416342,70.59731732576591
C0278,41.43932186939078,137401.3546137751,35.363253036962476,3.9427666365004863,59.06595363584638
C0279,37.795798632602086,129913.63775945209,42.00311357173423,6.172728037510186,57.834241036912495
C0280,44.464735440950044,123008.37810287153,37.712952454291845,7.476566142867272,98.31729081413833
C0281,49.63531186915602,127299.2200493245,50.621630150328855,5.042543153472123,63.58503490038824
C0282,51.94671559458153,168068.3117047655,54.35053475191876,5.617666025197927,50.978507398857786
C0283,48.07011153714936,118847.62405932829,28.21015809238076,8.404429889270476,54.88370884553348
C0284,52.816443172114376,124021.98093429935,20.031505696633328,5.4815063589771365,73.78134851036106
C0285,39.98768460647645,141013.08792015223,12.456919403450552,10.203366228360789,61.35924492645317
C0286,61.55011683258608,142110.5186591597,47.619869903688155,6.1310192912630885,42.7406642601916
C0287,49.34279057285945,143740.6061112076,23.449500907391897,1.4784744816883646,71.03074721490245
C0288,58.93836665270502,132774.6044405837,7.706641105712755,6.506683242209065,51.982270973532074
C0289,52.74180277102163,97139.90174539032,45.82867906796446,5.7623167697655555,82.47957331461055
C0290,53.65402575323027,152668.63064602192,77.39499276149186,7.579505508165491,72.96057678857578
C0291,54.558138241857634,97073.09213962624,39.9089363269016,6.346362702539917,54.632137252094985
C0292,53.58166848013852,126052.70930478067,52.577361616774624,4.723088032032452,75.37219634082135
C0293,55.14178207894035,104914.48299961284,41.22744037821347,2.5514035274212685,60.81426612632884
C0294,60.63322024105945,118717.23306814015,38.51665520213286,4.58195348542795,70.23328410146664
C0295,51.57216935761176,126575.2482060696,53.786147244816526,3.2989590915813998,65.8167938075337
C0296,55.672030060708096,126427.14430900547,35.64588183717023,3.8389531003905546,49.84372014010952
C0297,49.282114445702184,128438.41508470569,44.010884711078546,6.177156808841219,52.27740201219046
C0298,61.52093772359578,152274.22538117293,44.8254670929402,8.339809008702812,72.35952981097394
C0299,44.58886158352584,129070.6860302796,29.97864319535427,5.7893430596459625,55.98269601472151
C0300,64.40752346328652,115116.86729418703,54.88063524304784,2.6082338759296313,55.15621844109604
C0301,49.67873639484525,139281.74336576715,37.37560364956887,5.889205336440281,48.538529047807764
C0302,38.55379918305562,143789.40977849282,28.66382260760733,7.393262973291302,65.08318878712153
C0303,51.02483531928631,95447.84369726015,48.047647653556055,3.780434191361236,84.75029903091774
C0304,44.55158674020095,131948.00139699716,26.522980273134444,4.7319656666541645,47.189605028948726
C0305,56.72514839190979,134023.45484621797,40.42271736053692,5.0293763894583945,60.2906334800731
C0306,44.779008165580876,114048.72993280017,39.86321505033695,3.43020337383552,76.94664666498515
C0307,46.43053253428176,147514.13626623238,56.28843348747367,6.2965608676877185,59.04430330505142
C0308,34.88367415243575,116998.88825934946,47.12047349319929,4.758103702784437,65.4284615549968
C0309,46.381549446007384,122511.52906943085,39.624595618822845,5.839064887814056,47.25127766223744
C0310,30.608965386968347,116538.56351432261,52.266494488004305,3.2250156443958,65.13968516649179
C0311,37.32877741211421,120311.58095162935,60.8531132352597,4.125083399353179,57.754268819945416
C0312,56.083317249154376,98074.49826209596,48.36715459527793,6.444762715655543,71.82875994815835
C0313,56.28640126920666,91198.9823481141,40.15528929765071,4.254333695816466,74.24863261877701
C0314,53.40366049427972,151890.10126449945,20.322456514747607,8.45392770246681,91.07476370422336
C0315,42.264190854966294,103060.77303363345,24.02329505386941,4.200727628770795,66.9555980785629
C0316,49.618309150864164,100172.15301087385,35.421629434679986,5.449369451503772,63.909555798986
C0317,49.97117968727545,76932.1977279257,30.857316967610753,6.8651816637461796,62.332611618928034
C0318,40.73308248645966,107220.76504620996,37.19543045521831,2.1632685341339366,55.76200448627174
C0319,62.027186414137205,93538.20413185004,40.849748873456605,1.4783823760384482,64.06180612154029
C0320,57.018898324605374,152840.30320272737,47.94539131535096,1.9486873708598105,56.45518307833164
C0321,48.23228660936269,140196.3417868527,38.94251832911363,7.525168206854364,62.02153171523537
C0322,50.215086711956246,106236.99309644553,47.297524657393026,3.8962837082151065,75.81117042729551
C0323,51.66706246358042,165048.71610688616,40.9671162221518,10.116398571336504,47.921489216644304
C0324,33.666121052605675,139635.3097398319,10.368001504691932,3.871504802685223,73.67854273354854
C0325,48.02258093983522,113503.37232982754,25.909969092718686,5.369102606394074,75.80538080807838
C0326,44.544126016017614,70011.88570252854,37.83868666417577,8.08421990513575,58.583177676107056
C0327,41.98703992084067,165818.85145181484,21.854578857383387,9.012185776318246,34.537741211896865
C0328,47.75119765691236,92208.55066472807,48.998930949943066,9.123007153272795,52.70613615486681
C0329,64.38149221479618,87092.02506086216,62.96126248515546,7.416732461186285,75.56393455873331
C0330,55.12674289013608,140451.4086401928,58.28142777545975,7.048125051622925,59.725583252413415
C0331,45.430568081737626,168795.04812678546,36.79835693604688,6.185053898402366,48.008373212461066
C0332,54.58066225084927,147685.45637021036,62.36089205274928,6.5567221523332755,53.94270094526139
C0333,61.194843492688015,131278.1824010472,42.23001185803167,3.897628567342933,70.08744031805463
C0334,57.39706946330215,131895.08683330572,34.94371043322941,3.363602233155386,66.56080281841655
C0335,38.56640740498183,62844.10689019007,50.49096094800046,9.297940422679055,43.12306530815829
C0336,37.79905352911187,81628.39558664785,56.30446164433152,11.399075123339003,40.60164012885253
C0337,37.64945110573707,79501.55014033309,37.27662399655458,12.962003549767307,40.00532577104968
C0338,34.46553889300898,76878.2471409119,62.55952448847526,9.772146929072433,36.39818949744768
C0339,49.69225413681665,78071.93732841604,60.01446570434669,9.040457430235469,36.056505269025415
C0340,38.06607718473196,51772.26431753542,50.194936427181716,10.455273976746222,30.717430884212423
C0341,47.302951124952976,71769.12638388558,67.91094802118886,7.494571295109931,41.59062736162028
C0342,49.12789631153471,81392.67351711672,71.2508416515187,16.26861616508432,39.36778355511512
C0343,45.989865388887765,82397.84587996101,40.70928162757231,5.177016918645824,39.936150783942395
C0344,37.41027812369171,64584.87288611063,50.84730265720543,10.554221736687174,31.791721258659358
C0345,42.42238054201966,98985.61761297051,50.77029180255242,16.070818657688918,18.773256641030045
C0346,39.8548263616545,67007.37727678248,48.721162786693625,10.020399533679994,44.77722169402956
C0347,34.57778883561923,94541.85800790106,69.95369810318098,9.429882894995517,32.16930035193277
C0348,41.94615569032962,86407.91542807527,57.674086334726354,8.927663731568718,29.097793887655037
C0349,32.92576125304119,70306.59035234296,56.82582190427267,9.458824954712776,41.54783129531195
C0350,47.12607633076938,106629.66338914268,35.95365162711896,14.118545424029591,32.863898880646964
C0351,37.212296216209644,62095.447523652794,67.62501636251072,3.3644142660114795,44.47949107237297
C0352,41.206957935237035,93787.31260415002,45.12889926175833,14.600301103888977,40.93604759661358
C0353,41.69972722927685,95008.73477064467,60.71919156319594,5.728128542649564,41.46855458560382
C0354,38.44657015777554,69940.69686385033,63.3285232554983,9.200043012296756,25.072354310395724
C0355,43.52016280885165,100886.97950096492,76.3279031500638,8.712266739104015,45.695551883091206
C0356,37.150578060264856,76249.30228101571,44.29415521057065,11.76565980931216,38.09000424987085
C0357,45.227783784743465,84330.40443919785,23.765854130150096,5.205626944348757,33.04578288603037
C0358,31.92412191851951,83904.82758156832,62.20619453704434,11.386517998245829,37.14710773873801
C0359,40.75827747727847,77985.36887794179,81.60613417813025,16.072928869860558,21.79011813681344
C0360,51.63357399434971,92162.12409739674,74.86735623527325,5.910477986221569,39.26922249184537
C0361,33.99801205236655,91902.3308082832,62.51591298329551,10.569118502831188,27.765027934543426
C0362,35.933530176850894,53772.02040142729,54.10036577241543,8.014053466610173,25.178637713251725
C0363,43.08344709795349,99565.10364317229,69.68547115964772,11.277661618579106,23.82112651025687
C0364,41.077490691637585,55062.62017946488,48.317445603546375,10.057443332247257,44.901506999919405
C0365,42.103780595641354,95488.19306512485,65.71629323227464,8.075539272867072,30.965892850457692
C0366,42.93512278088598,96900.57705241375,66.06564190999953,11.463616854613221,48.269821679332
C0367,43.80832881137062,63635.50354677203,72.72251888998656,15.413044329360229,31.713588295581616
C0368,46.65819905173734,73837.78568068123,93.11592046693293,9.427288624818104,22.341136339256426
C0369,42.458911941571074,63414.42997271096,64.7089916061452,12.159273826444545,27.06780448041073
C0370,38.55245407228875,76776.18454566898,53.89243649151001,6.120181126386509,45.886492960055506
C0371,44.03544220721639,75379.48573721388,59.69310825369607,7.130690869545974,34.75281457650666
C0372,51.39929160937129,91694.9079840401,38.77108914133058,11.417218833641133,31.61370162807519
C0373,39.20419752170456,99654.63119179412,51.6634424269313,14.452348085607895,37.280145806822304
C0374,34.15282417197615,100935.25716184934,55.08861074264275,11.06684004635698,40.01426188934036
C0375,46.642484015721834,71567.47960132547,53.71093922478489,9.060825908430537,44.93919052721969
C0376,39.27771301627841,76861.67189383208,61.82825846440466,9.997874216270063,47.58799383914341
C0377,26.963982723915784,54748.42711668575,50.130960811413594,6.248776798090848,33.12185083368731
C0378,45.08453006290253,67911.94900255717,73.45236800789365,11.8135459790661,25.391618511343694
C0379,36.788030884276466,94472.77449646186,60.00248477901837,12.646999186970227,32.69227871101379
C0380,39.45680030617503,104233.74235322347,59.888396146336625,8.643729001500759,38.082244052663086
C0381,41.99188198341409,61484.76692180117,56.06526340184499,8.589873556721496,28.289928590315114
C0382,41.142998078674395,71113.03611270658,61.86228820630775,10.797634688956146,28.342792680839658
C0383,44.256710902834236,79603.91364561609,69.90117917601162,8.689840791878213,38.75030305239908
C0384,37.38708177658094,84202.41738229411,49.594437411469194,9.801602156122533,35.61078118743639
C0385,43.078634789056494,67855.94720117531,52.10260213109692,16.299165367499548,36.26237596329269
C0386,38.442719934496495,86360.91566696134,56.355287654680026,9.25892289776201,29.932037322399445
C0387,44.432862885325015,72892.40979393625,43.84954891832142,8.924979543936333,34.156794286353865
C0388,43.692204904078324,79783.21593682581,50.168905683342025,8.057374583094523,28.606134845853564
C0389,34.38736778773243,88194.26372005549,54.28534951746409,12.23257591449981,43.12158728899829
C0390,46.51589269705019,80096.33404716407,70.49267016855273,9.45632748034569,44.281994677790024
C0391,36.78421932931571,73454.21164210147,63.1507359480231,8.051880885035722,21.23049710209525
C0392,44.84834678968687,78355.85294111253,62.32307893641053,13.963912096819037,28.563913118460718
C0393,42.20372388040804,78674.55561191998,70.21077554601567,14.258809013540912,24.027765959279368
C0394,51.02910206077074,74449.83455176809,58.35153853920724,8.198729302783885,30.799808524744815
C0395,38.659204105768886,76118.05905999347,64.68557819914668,4.4003801459181515,35.33249624167711
C0396,37.904099223290814,103979.70755757076,58.761338964810044,13.022541069510766,24.40283824241176
C0397,39.883482364673604,88413.79171911858,63.18434819279554,7.946110522719988,28.625121494997494
C0398,38.18092130299435,75567.79522956259,53.00689610866102,12.371876797488305,27.96834102334801
C0399,44.7996514116523,90454.31606766104,30.73419410068285,4.089688546864494,37.65813863519155
C0400,30.302136349380472,74992.70765365985,58.38865005376435,12.677792014897928,36.554754696290004
C0401,33.677905485121876,97596.86956379961,77.07297763319929,6.366484212157657,30.226099573301973
C0402,33.59318247052484,85544.6328829714,71.1145848268991,12.192292357199573,37.414566977115186
C0403,45.70184555184146,78390.46783993657,71.58476981509405,10.042819203509302,31.626559323301876
C0404,50.26368023549155,86715.75388715416,74.83356866167462,7.138181741810065,33.826759117391575
C0405,39.37330468877517,56436.85771897251,61.06389109153725,8.778891061219658,49.387616722388294
C0406,38.98706966085994,63098.48796635292,62.36778848886715,12.058955370870102,46.72368841432278
C0407,40.420312978679085,62091.12490401417,52.588177254787794,10.317683359345702,25.60335010457922
C0408,46.971269815649144,82144.1464214556,56.207125727675404,11.753238941417452,42.6378593430334
C0409,34.435881194856556,105987.72499227637,67.3892537972537,15.929321753546457,42.49117243593274
C0410,41.43021389640871,113469.50219288949,74.44661324602579,5.307275164866846,26.813893689979054
C0411,45.85118577869458,89570.76652161135,58.32664469182801,14.85163772490587,42.55022115003889
C0412,43.00656501963907,87512.66712416685,54.597728821783065,10.313067812569638,48.30345534730042
C0413,41.13748969959246,52984.13398770892,60.006335506279164,7.303647855030615,27.01964155004469
C0414,46.00627655540285,71859.89300398968,67.21448098714937,6.009059122783031,28.659977431885892
C0415,23.780606242004577,68183.24372137642,42.6737422063975,9.4326388276689,44.14129173474802
C0416,44.067251917185445,70687.28602623325,32.44582856235314,12.764950335773378,38.17196248660518
C0417,36.07554590123546,77477.84272122815,53.393557806101,9.617352638867397,40.41181020191618
C0418,29.016202618861257,72918.64133454309,45.3514508890301,14.533464790742043,38.72471373120398
C0419,43.06721559714988,50310.50284436319,53.90231762823227,5.646472929845324,39.125567367425155
C0420,48.24195127097775,91218.653841763,58.22663617419034,9.963733156461837,25.388222973511336
C0421,39.17530891223385,63908.854613902906,54.561019091723836,6.242819666760643,44.378541652971585
C0422,45.71724728321763,83588.70296166724,77.42961041364894,11.090895647874904,45.35671993942219
C0423,49.67366954793187,111111.2400462496,63.92093717522784,12.6606621702919,34.164874047455775
C0424,47.889486721504284,66209.23112620365,63.60569231532994,8.73771461895684,35.6521844014891
C0425,49.839787176228356,42045.687158805056,67.46648572852082,2.1873584301185973,23.751139979554225
C0426,44.45276494643135,75709.93667179834,46.334002586630774,10.596844440389484,40.11403804814268
C0427,40.45260183340956,96514.39452497856,72.46934144904323,11.310215655200528,40.576459533713155
C0428,30.38820512861699,109375.21181330891,59.09082856157448,11.212884264885092,35.502471864005514
C0429,38.52362507122031,61556.756083213746,68.04576740689456,13.707346575466463,44.99482687896402
C0430,34.94052042810285,87450.48834854782,47.13771320351813,6.786838961052854,33.327382152160475
C0431,53.02565630498688,73020.3431482992,41.35489480780723,12.040648316351348,40.5168474071488
C0432,38.94468512540598,78410.77468543797,69.81467589630034,13.577522537433925,27.842685290463073
C0433,40.739228840706915,119665.15020525552,64.5169143131702,4.6642372479804495,35.811582793006096
C0434,43.308912256242806,57455.445074072704,49.17538134770987,10.958955477756932,34.60516593677731
C0435,40.26161467823472,83806.0949224186,49.564043024703665,8.487460506976985,37.80246337632753
C0436,50.170306242584516,87015.3975764815,73.50521741297723,9.755431980695063,33.043784569333134
C0437,36.26410382959329,96286.7948740902,45.72705728559207,11.043029450615009,34.948219234626656
C0438,41.16764473142346,81469.74730206344,79.71207543907155,8.538314307659343,42.60837737153205
C0439,35.54517648581171,84620.75809256153,49.19255118422558,7.972875762515164,32.50588610209426
C0440,32.07986493267576,74125.27148867314,67.66070310730059,10.102457252464074,23.147383194090565
C0441,36.32938545456829,84036.90411867661,56.05657829101219,6.738262183411592,49.99667123364337
C0442,39.77777921770953,74852.11586753884,67.23824917298812,6.742524613344443,47.051632629523894
C0443,37.42418665289644,89323.57834784077,53.47063197462969,12.03811984886951,25.661898439155053
C0444,35.84547412075686,74455.84495934549,58.04648512713247,6.553617894524032,41.517662441961555
C0445,31.562095217968995,85656.5059085328,60.49103010474865,11.998937502727635,31.976201835589254
C0446,39.50136656422783,79561.05779472532,47.973750530622326,11.387773878561854,38.107897722648474
C0447,30.971677755813985,96890.75376158251,68.88989214504151,4.822579813628209,38.35379303210795
C0448,44.560335782137614,79229.0941461727,53.84143720234098,7.967306042993035,34.12473759746943
C0449,40.49463851760702,53404.512976896774,57.25680101591978,13.582328209142117,29.729874675308828
C0450,31.254691003210418,98928.82251070987,48.06780750469785,7.056503406580955,30.475671581469925
C0451,38.14474553770082,66414.01548706072,29.251996094456274,8.606787213071836,28.67046467615006
C0452,35.487061566456504,70193.5049202677,57.70766684879797,11.38618267975569,29.345422334156442
C0453,41.915047062515086,71065.08058934762,88.95138505935499,12.350171527847786,35.46257367960516
C0454,48.042702676138866,100616.57139756226,69.41525145477628,9.245383341866512,30.273920087113986
C0455,28.74896518212553,47964.886790319564,59.76887544318726,8.207469415925075,41.45641652570096
C0456,40.6901564748845,127066.22800489991,56.84531004950079,14.267109585095522,47.89796924268742
C0457,39.03920322660016,95840.85213599078,60.269590713744556,15.216698991392736,31.359574069039656
C0458,44.02804045870279,83348.58371193739,66.56542938210252,12.936574152345386,37.91523600428302
C0459,41.279179769426136,79176.5899907557,45.83024621629386,10.255954427695071,39.997480882423474
C0460,35.488184009567085,84283.31112286485,73.37186033602646,7.575202835077221,39.776018167354195
C0461,38.085676386000294,87816.83642569007,68.58457578529493,7.508666780330304,36.6076421433287
C0462,35.22384485917907,89678.23378925085,68.61822870849521,11.567542315797272,41.94145934687778
C0463,46.45604283159159,88334.06699005172,65.26170886571673,11.255194662666051,39.85799162144526
C0464,40.127869892031654,81343.71021882874,60.23539989232788,14.204795778839287,26.098700621381617
C0465,51.40714411451805,77039.92369539011,68.07433483160185,11.951350277608418,42.95324851511418
C0466,39.63603511711228,77730.90074519733,67.10176960489653,5.490759094720546,43.09832669813394
C0467,35.74955939853722,77076.37579470979,55.75151146870771,13.155842853168757,29.893711166571347
C0468,30.917713644323037,97006.55145300596,53.11677872523719,7.005818118056761,36.30350268358082
C0469,29.18116194246433,88903.35083421294,61.22227554314384,8.848086184142945,41.466631942488554
C0470,30.49518434196706,35894.1704800358,78.58824181794225,10.750600618755083,34.32548944336511
C0471,41.6027599060689,89838.51164794642,45.13071509215319,15.987002469351893,44.58382438212809
C0472,43.052350139379605,82921.04292078162,42.38969681097072,19.329755668016084,54.91097995695489
C0473,30.512855787807197,79719.36865331154,61.9771300948382,11.820169177408548,29.712111738920143
C0474,45.37022988445669,74172.22320366671,60.61065242227222,9.450410143838836,24.9516431747698
C0475,37.101633689899366,96861.6907997902,62.0800999724449,11.603516945441651,38.430548764839
C0476,40.8807580719133,94212.89693184287,62.927438374902,12.662966277621507,41.772500041009145
C0477,49.673323769532544,68406.83498264586,57.32157294438234,9.037997123328426,34.15306900924185
C0478,45.38103589519319,86105.78430686802,77.87836126322499,15.385634067736966,47.62608530656827
C0479,38.388816112565,65425.14898188071,40.78915225828182,10.690212277574206,25.29115360221401
C0480,34.65284664750828,59305.72752816604,50.05803570263705,11.493229267274183,41.54334898425289
C0481,27.08910759202417,70599.24163115052,58.76094287821143,11.997772756163384,31.15311343392885
C0482,35.685080084545476,92935.90208574139,40.281734266149996,11.264759831843367,49.75502324965837
C0483,38.73321856703383,94296.8756806413,57.88974714681515,12.516821501408836,51.94012282534494
C0484,34.076922837092894,87696.2813014594,79.93764198873622,8.148240440359231,29.866747297733216
C0485,39.212458197446175,90876.43680271995,60.25063785955154,8.325094738161908,31.60354291273136
C0486,40.46111129775261,87742.67430672438,62.7684108686242,6.6995373010849155,42.876703095838415
C0487,38.65086410915153,70377.77607165571,44.878022817929036,11.318503691860679,32.90295480168388
C0488,36.09998451505924,86478.83817010911,52.60366310352627,12.336809510536343,35.636710256542095
C0489,41.011928031800366,92006.14287841524,55.49764343611275,11.373318598455658,36.20310736433928
C0490,42.651643897416456,91314.36994720361,56.18741883892519,15.023477300042611,20.64261475041875
C0491,33.45760553534292,97833.70057211965,75.37972554004523,9.98321194351286,35.8892980312461
C0492,48.465594278477624,90624.55770801596,66.69229272870149,12.006224966777538,30.482177807486607
C0493,39.40847120629443,85271.72311312375,46.66250451675562,6.724897371582057,32.055017420801825
C0494,40.11309773766909,96052.25357474641,62.95805734118406,8.838700892576798,47.54905602775051
C0495,44.24928653953934,79602.1811112641,65.97866098196143,12.086613272697333,25.94794484576595
C0496,41.39929678758101,66771.88023158423,73.6817884622552,12.547306332229432,42.505641493983816
C0497,45.71881980347947,77553.99554084355,78.96648823882049,9.118099157007453,33.76829655734553
C0498,41.722744991210945,68826.46032790326,47.818869698065576,9.785202244425799,33.76191865203332
C0499,36.32537575215737,69872.32587538428,50.269709865475946,5.446378759957572,42.32297516841369
C0500,42.169021151236606,77832.21993926723,44.9090656930246,8.928912397580172,38.72041035655112
